StartTime,EndTime,AreaID,UnitName,PsrType,quantity
2021-12-14T22:00+00:00Z,2021-12-14T23:00+00:00Z,10YSE-1--------K,MAW,B16,0
2021-12-14T23:00+00:00Z,2021-12-15T00:00+00:00Z,10YSE-1--------K,MAW,B16,0
2021-12-15T00:00+00:00Z,2021-12-15T01:00+00:00Z,10YSE-1--------K,MAW,B16,0
2021-12-15T01:00+00:00Z,2021-12-15T02:00+00:00Z,10YSE-1--------K,MAW,B16,0
2021-12-15T02:00+00:00Z,2021-12-15T03:00+00:00Z,10YSE-1--------K,MAW,B16,0
2021-12-15T03:00+00:00Z,2021-12-15T04:00+00:00Z,10YSE-1--------K,MAW,B16,0
2021-12-15T04:00+00:00Z,2021-12-15T05:00+00:00Z,10YSE-1--------K,MAW,B16,0
2021-12-15T05:00+00:00Z,2021-12-15T06:00+00:00Z,10YSE-1--------K,MAW,B16,0
2021-12-15T06:00+00:00Z,2021-12-15T07:00+00:00Z,10YSE-1--------K,MAW,B16,0
2021-12-15T07:00+00:00Z,2021-12-15T08:00+00:00Z,10YSE-1--------K,MAW,B16,1
2021-12-15T08:00+00:00Z,2021-12-15T09:00+00:00Z,10YSE-1--------K,MAW,B16,4
2021-12-15T09:00+00:00Z,2021-12-15T10:00+00:00Z,10YSE-1--------K,MAW,B16,7
2021-12-15T10:00+00:00Z,2021-12-15T11:00+00:00Z,10YSE-1--------K,MAW,B16,6
2021-12-15T11:00+00:00Z,2021-12-15T12:00+00:00Z,10YSE-1--------K,MAW,B16,3
2021-12-15T12:00+00:00Z,2021-12-15T13:00+00:00Z,10YSE-1--------K,MAW,B16,0
2021-12-15T13:00+00:00Z,2021-12-15T14:00+00:00Z,10YSE-1--------K,MAW,B16,0
2021-12-15T14:00+00:00Z,2021-12-15T15:00+00:00Z,10YSE-1--------K,MAW,B16,0
2021-12-15T15:00+00:00Z,2021-12-15T16:00+00:00Z,10YSE-1--------K,MAW,B16,0
2021-12-15T16:00+00:00Z,2021-12-15T17:00+00:00Z,10YSE-1--------K,MAW,B16,0
2021-12-15T17:00+00:00Z,2021-12-15T18:00+00:00Z,10YSE-1--------K,MAW,B16,0
2021-12-15T18:00+00:00Z,2021-12-15T19:00+00:00Z,10YSE-1--------K,MAW,B16,0
2021-12-15T19:00+00:00Z,2021-12-15T20:00+00:00Z,10YSE-1--------K,MAW,B16,0
2021-12-15T20:00+00:00Z,2021-12-15T21:00+00:00Z,10YSE-1--------K,MAW,B16,0
2021-12-15T21:00+00:00Z,2021-12-15T22:00+00:00Z,10YSE-1--------K,MAW,B16,0
2021-12-15T22:00+00:00Z,2021-12-15T23:00+00:00Z,10YSE-1--------K,MAW,B16,0
2021-12-15T23:00+00:00Z,2021-12-16T00:00+00:00Z,10YSE-1--------K,MAW,B16,0
2021-12-16T00:00+00:00Z,2021-12-16T01:00+00:00Z,10YSE-1--------K,MAW,B16,0
2021-12-16T01:00+00:00Z,2021-12-16T02:00+00:00Z,10YSE-1--------K,MAW,B16,0
2021-12-16T02:00+00:00Z,2021-12-16T03:00+00:00Z,10YSE-1--------K,MAW,B16,0
2021-12-16T03:00+00:00Z,2021-12-16T04:00+00:00Z,10YSE-1--------K,MAW,B16,0
2021-12-16T04:00+00:00Z,2021-12-16T05:00+00:00Z,10YSE-1--------K,MAW,B16,0
2021-12-16T05:00+00:00Z,2021-12-16T06:00+00:00Z,10YSE-1--------K,MAW,B16,0
2021-12-16T06:00+00:00Z,2021-12-16T07:00+00:00Z,10YSE-1--------K,MAW,B16,0
2021-12-16T07:00+00:00Z,2021-12-16T08:00+00:00Z,10YSE-1--------K,MAW,B16,4
2021-12-16T08:00+00:00Z,2021-12-16T09:00+00:00Z,10YSE-1--------K,MAW,B16,21
2021-12-16T09:00+00:00Z,2021-12-16T10:00+00:00Z,10YSE-1--------K,MAW,B16,34
2021-12-16T10:00+00:00Z,2021-12-16T11:00+00:00Z,10YSE-1--------K,MAW,B16,35
2021-12-16T11:00+00:00Z,2021-12-16T12:00+00:00Z,10YSE-1--------K,MAW,B16,23
2021-12-16T12:00+00:00Z,2021-12-16T13:00+00:00Z,10YSE-1--------K,MAW,B16,7
2021-12-16T13:00+00:00Z,2021-12-16T14:00+00:00Z,10YSE-1--------K,MAW,B16,0
2021-12-16T14:00+00:00Z,2021-12-16T15:00+00:00Z,10YSE-1--------K,MAW,B16,0
2021-12-16T15:00+00:00Z,2021-12-16T16:00+00:00Z,10YSE-1--------K,MAW,B16,0
2021-12-16T16:00+00:00Z,2021-12-16T17:00+00:00Z,10YSE-1--------K,MAW,B16,0
2021-12-16T17:00+00:00Z,2021-12-16T18:00+00:00Z,10YSE-1--------K,MAW,B16,0
2021-12-16T18:00+00:00Z,2021-12-16T19:00+00:00Z,10YSE-1--------K,MAW,B16,0
2021-12-16T19:00+00:00Z,2021-12-16T20:00+00:00Z,10YSE-1--------K,MAW,B16,0
2021-12-16T20:00+00:00Z,2021-12-16T21:00+00:00Z,10YSE-1--------K,MAW,B16,0
2021-12-16T21:00+00:00Z,2021-12-16T22:00+00:00Z,10YSE-1--------K,MAW,B16,0
2021-12-16T22:00+00:00Z,2021-12-16T23:00+00:00Z,10YSE-1--------K,MAW,B16,0
2021-12-16T23:00+00:00Z,2021-12-17T00:00+00:00Z,10YSE-1--------K,MAW,B16,0
2021-12-17T00:00+00:00Z,2021-12-17T01:00+00:00Z,10YSE-1--------K,MAW,B16,0
2021-12-17T01:00+00:00Z,2021-12-17T02:00+00:00Z,10YSE-1--------K,MAW,B16,0
2021-12-17T02:00+00:00Z,2021-12-17T03:00+00:00Z,10YSE-1--------K,MAW,B16,0
2021-12-17T03:00+00:00Z,2021-12-17T04:00+00:00Z,10YSE-1--------K,MAW,B16,0
2021-12-17T04:00+00:00Z,2021-12-17T05:00+00:00Z,10YSE-1--------K,MAW,B16,0
2021-12-17T05:00+00:00Z,2021-12-17T06:00+00:00Z,10YSE-1--------K,MAW,B16,0
2021-12-17T06:00+00:00Z,2021-12-17T07:00+00:00Z,10YSE-1--------K,MAW,B16,0
2021-12-17T07:00+00:00Z,2021-12-17T08:00+00:00Z,10YSE-1--------K,MAW,B16,4
2021-12-17T08:00+00:00Z,2021-12-17T09:00+00:00Z,10YSE-1--------K,MAW,B16,16
2021-12-17T09:00+00:00Z,2021-12-17T10:00+00:00Z,10YSE-1--------K,MAW,B16,26
2021-12-17T10:00+00:00Z,2021-12-17T11:00+00:00Z,10YSE-1--------K,MAW,B16,26
2021-12-17T11:00+00:00Z,2021-12-17T12:00+00:00Z,10YSE-1--------K,MAW,B16,16
2021-12-17T12:00+00:00Z,2021-12-17T13:00+00:00Z,10YSE-1--------K,MAW,B16,4
2021-12-17T13:00+00:00Z,2021-12-17T14:00+00:00Z,10YSE-1--------K,MAW,B16,0
2021-12-17T14:00+00:00Z,2021-12-17T15:00+00:00Z,10YSE-1--------K,MAW,B16,0
2021-12-17T15:00+00:00Z,2021-12-17T16:00+00:00Z,10YSE-1--------K,MAW,B16,0
2021-12-17T16:00+00:00Z,2021-12-17T17:00+00:00Z,10YSE-1--------K,MAW,B16,0
2021-12-17T17:00+00:00Z,2021-12-17T18:00+00:00Z,10YSE-1--------K,MAW,B16,0
2021-12-17T18:00+00:00Z,2021-12-17T19:00+00:00Z,10YSE-1--------K,MAW,B16,0
2021-12-17T19:00+00:00Z,2021-12-17T20:00+00:00Z,10YSE-1--------K,MAW,B16,0
2021-12-17T20:00+00:00Z,2021-12-17T21:00+00:00Z,10YSE-1--------K,MAW,B16,0
2021-12-17T21:00+00:00Z,2021-12-17T22:00+00:00Z,10YSE-1--------K,MAW,B16,0
2021-12-17T22:00+00:00Z,2021-12-17T23:00+00:00Z,10YSE-1--------K,MAW,B16,0
2021-12-17T23:00+00:00Z,2021-12-18T00:00+00:00Z,10YSE-1--------K,MAW,B16,0
2021-12-18T00:00+00:00Z,2021-12-18T01:00+00:00Z,10YSE-1--------K,MAW,B16,0
2021-12-18T01:00+00:00Z,2021-12-18T02:00+00:00Z,10YSE-1--------K,MAW,B16,0
2021-12-18T02:00+00:00Z,2021-12-18T03:00+00:00Z,10YSE-1--------K,MAW,B16,0
2021-12-18T03:00+00:00Z,2021-12-18T04:00+00:00Z,10YSE-1--------K,MAW,B16,0
2021-12-18T04:00+00:00Z,2021-12-18T05:00+00:00Z,10YSE-1--------K,MAW,B16,0
2021-12-18T05:00+00:00Z,2021-12-18T06:00+00:00Z,10YSE-1--------K,MAW,B16,0
2021-12-18T06:00+00:00Z,2021-12-18T07:00+00:00Z,10YSE-1--------K,MAW,B16,0
2021-12-18T07:00+00:00Z,2021-12-18T08:00+00:00Z,10YSE-1--------K,MAW,B16,1
2021-12-18T08:00+00:00Z,2021-12-18T09:00+00:00Z,10YSE-1--------K,MAW,B16,8
2021-12-18T09:00+00:00Z,2021-12-18T10:00+00:00Z,10YSE-1--------K,MAW,B16,14
2021-12-18T10:00+00:00Z,2021-12-18T11:00+00:00Z,10YSE-1--------K,MAW,B16,15
2021-12-18T11:00+00:00Z,2021-12-18T12:00+00:00Z,10YSE-1--------K,MAW,B16,10
2021-12-18T12:00+00:00Z,2021-12-18T13:00+00:00Z,10YSE-1--------K,MAW,B16,3
2021-12-18T13:00+00:00Z,2021-12-18T14:00+00:00Z,10YSE-1--------K,MAW,B16,0
2021-12-18T14:00+00:00Z,2021-12-18T15:00+00:00Z,10YSE-1--------K,MAW,B16,0
2021-12-18T15:00+00:00Z,2021-12-18T16:00+00:00Z,10YSE-1--------K,MAW,B16,0
2021-12-18T16:00+00:00Z,2021-12-18T17:00+00:00Z,10YSE-1--------K,MAW,B16,0
2021-12-18T17:00+00:00Z,2021-12-18T18:00+00:00Z,10YSE-1--------K,MAW,B16,0
2021-12-18T18:00+00:00Z,2021-12-18T19:00+00:00Z,10YSE-1--------K,MAW,B16,0
2021-12-18T19:00+00:00Z,2021-12-18T20:00+00:00Z,10YSE-1--------K,MAW,B16,0
2021-12-18T20:00+00:00Z,2021-12-18T21:00+00:00Z,10YSE-1--------K,MAW,B16,0
2021-12-18T21:00+00:00Z,2021-12-18T22:00+00:00Z,10YSE-1--------K,MAW,B16,0
2021-12-18T22:00+00:00Z,2021-12-18T23:00+00:00Z,10YSE-1--------K,MAW,B16,0
2021-12-18T23:00+00:00Z,2021-12-19T00:00+00:00Z,10YSE-1--------K,MAW,B16,0
2021-12-19T00:00+00:00Z,2021-12-19T01:00+00:00Z,10YSE-1--------K,MAW,B16,0
2021-12-19T01:00+00:00Z,2021-12-19T02:00+00:00Z,10YSE-1--------K,MAW,B16,0
2021-12-19T02:00+00:00Z,2021-12-19T03:00+00:00Z,10YSE-1--------K,MAW,B16,0
2021-12-19T03:00+00:00Z,2021-12-19T04:00+00:00Z,10YSE-1--------K,MAW,B16,0
2021-12-19T04:00+00:00Z,2021-12-19T05:00+00:00Z,10YSE-1--------K,MAW,B16,0
2021-12-19T05:00+00:00Z,2021-12-19T06:00+00:00Z,10YSE-1--------K,MAW,B16,0
2021-12-19T06:00+00:00Z,2021-12-19T07:00+00:00Z,10YSE-1--------K,MAW,B16,0
2021-12-19T07:00+00:00Z,2021-12-19T08:00+00:00Z,10YSE-1--------K,MAW,B16,4
2021-12-19T08:00+00:00Z,2021-12-19T09:00+00:00Z,10YSE-1--------K,MAW,B16,19
2021-12-19T09:00+00:00Z,2021-12-19T10:00+00:00Z,10YSE-1--------K,MAW,B16,29
2021-12-19T10:00+00:00Z,2021-12-19T11:00+00:00Z,10YSE-1--------K,MAW,B16,30
2021-12-19T11:00+00:00Z,2021-12-19T12:00+00:00Z,10YSE-1--------K,MAW,B16,21
2021-12-19T12:00+00:00Z,2021-12-19T13:00+00:00Z,10YSE-1--------K,MAW,B16,7
2021-12-19T13:00+00:00Z,2021-12-19T14:00+00:00Z,10YSE-1--------K,MAW,B16,0
2021-12-19T14:00+00:00Z,2021-12-19T15:00+00:00Z,10YSE-1--------K,MAW,B16,0
2021-12-19T15:00+00:00Z,2021-12-19T16:00+00:00Z,10YSE-1--------K,MAW,B16,0
2021-12-19T16:00+00:00Z,2021-12-19T17:00+00:00Z,10YSE-1--------K,MAW,B16,0
2021-12-19T17:00+00:00Z,2021-12-19T18:00+00:00Z,10YSE-1--------K,MAW,B16,0
2021-12-19T18:00+00:00Z,2021-12-19T19:00+00:00Z,10YSE-1--------K,MAW,B16,0
2021-12-19T19:00+00:00Z,2021-12-19T20:00+00:00Z,10YSE-1--------K,MAW,B16,0
2021-12-19T20:00+00:00Z,2021-12-19T21:00+00:00Z,10YSE-1--------K,MAW,B16,0
2021-12-19T21:00+00:00Z,2021-12-19T22:00+00:00Z,10YSE-1--------K,MAW,B16,0
2021-12-19T22:00+00:00Z,2021-12-19T23:00+00:00Z,10YSE-1--------K,MAW,B16,0
2021-12-19T23:00+00:00Z,2021-12-20T00:00+00:00Z,10YSE-1--------K,MAW,B16,0
2021-12-20T00:00+00:00Z,2021-12-20T01:00+00:00Z,10YSE-1--------K,MAW,B16,0
2021-12-20T01:00+00:00Z,2021-12-20T02:00+00:00Z,10YSE-1--------K,MAW,B16,0
2021-12-20T02:00+00:00Z,2021-12-20T03:00+00:00Z,10YSE-1--------K,MAW,B16,0
2021-12-20T03:00+00:00Z,2021-12-20T04:00+00:00Z,10YSE-1--------K,MAW,B16,0
2021-12-20T04:00+00:00Z,2021-12-20T05:00+00:00Z,10YSE-1--------K,MAW,B16,0
2021-12-20T05:00+00:00Z,2021-12-20T06:00+00:00Z,10YSE-1--------K,MAW,B16,0
2021-12-20T06:00+00:00Z,2021-12-20T07:00+00:00Z,10YSE-1--------K,MAW,B16,0
2021-12-20T07:00+00:00Z,2021-12-20T08:00+00:00Z,10YSE-1--------K,MAW,B16,3
2021-12-20T08:00+00:00Z,2021-12-20T09:00+00:00Z,10YSE-1--------K,MAW,B16,15
2021-12-20T09:00+00:00Z,2021-12-20T10:00+00:00Z,10YSE-1--------K,MAW,B16,24
2021-12-20T10:00+00:00Z,2021-12-20T11:00+00:00Z,10YSE-1--------K,MAW,B16,24
2021-12-20T11:00+00:00Z,2021-12-20T12:00+00:00Z,10YSE-1--------K,MAW,B16,16
2021-12-20T12:00+00:00Z,2021-12-20T13:00+00:00Z,10YSE-1--------K,MAW,B16,5
2021-12-20T13:00+00:00Z,2021-12-20T14:00+00:00Z,10YSE-1--------K,MAW,B16,0
2021-12-20T14:00+00:00Z,2021-12-20T15:00+00:00Z,10YSE-1--------K,MAW,B16,0
2021-12-20T15:00+00:00Z,2021-12-20T16:00+00:00Z,10YSE-1--------K,MAW,B16,0
2021-12-20T16:00+00:00Z,2021-12-20T17:00+00:00Z,10YSE-1--------K,MAW,B16,0
2021-12-20T17:00+00:00Z,2021-12-20T18:00+00:00Z,10YSE-1--------K,MAW,B16,0
2021-12-20T18:00+00:00Z,2021-12-20T19:00+00:00Z,10YSE-1--------K,MAW,B16,0
2021-12-20T19:00+00:00Z,2021-12-20T20:00+00:00Z,10YSE-1--------K,MAW,B16,0
2021-12-20T20:00+00:00Z,2021-12-20T21:00+00:00Z,10YSE-1--------K,MAW,B16,0
2021-12-20T21:00+00:00Z,2021-12-20T22:00+00:00Z,10YSE-1--------K,MAW,B16,0
2021-12-20T22:00+00:00Z,2021-12-20T23:00+00:00Z,10YSE-1--------K,MAW,B16,0
2021-12-20T23:00+00:00Z,2021-12-21T00:00+00:00Z,10YSE-1--------K,MAW,B16,0
2021-12-21T00:00+00:00Z,2021-12-21T01:00+00:00Z,10YSE-1--------K,MAW,B16,0
2021-12-21T01:00+00:00Z,2021-12-21T02:00+00:00Z,10YSE-1--------K,MAW,B16,0
2021-12-21T02:00+00:00Z,2021-12-21T03:00+00:00Z,10YSE-1--------K,MAW,B16,0
2021-12-21T03:00+00:00Z,2021-12-21T04:00+00:00Z,10YSE-1--------K,MAW,B16,0
2021-12-21T04:00+00:00Z,2021-12-21T05:00+00:00Z,10YSE-1--------K,MAW,B16,0
2021-12-21T05:00+00:00Z,2021-12-21T06:00+00:00Z,10YSE-1--------K,MAW,B16,0
2021-12-21T06:00+00:00Z,2021-12-21T07:00+00:00Z,10YSE-1--------K,MAW,B16,0
2021-12-21T07:00+00:00Z,2021-12-21T08:00+00:00Z,10YSE-1--------K,MAW,B16,3
2021-12-21T08:00+00:00Z,2021-12-21T09:00+00:00Z,10YSE-1--------K,MAW,B16,10
2021-12-21T09:00+00:00Z,2021-12-21T10:00+00:00Z,10YSE-1--------K,MAW,B16,16
2021-12-21T10:00+00:00Z,2021-12-21T11:00+00:00Z,10YSE-1--------K,MAW,B16,15
2021-12-21T11:00+00:00Z,2021-12-21T12:00+00:00Z,10YSE-1--------K,MAW,B16,8
2021-12-21T12:00+00:00Z,2021-12-21T13:00+00:00Z,10YSE-1--------K,MAW,B16,2
2021-12-21T13:00+00:00Z,2021-12-21T14:00+00:00Z,10YSE-1--------K,MAW,B16,0
2021-12-21T14:00+00:00Z,2021-12-21T15:00+00:00Z,10YSE-1--------K,MAW,B16,0
2021-12-21T15:00+00:00Z,2021-12-21T16:00+00:00Z,10YSE-1--------K,MAW,B16,0
2021-12-21T16:00+00:00Z,2021-12-21T17:00+00:00Z,10YSE-1--------K,MAW,B16,0
2021-12-21T17:00+00:00Z,2021-12-21T18:00+00:00Z,10YSE-1--------K,MAW,B16,0
2021-12-21T18:00+00:00Z,2021-12-21T19:00+00:00Z,10YSE-1--------K,MAW,B16,0
2021-12-21T19:00+00:00Z,2021-12-21T20:00+00:00Z,10YSE-1--------K,MAW,B16,0
2021-12-21T20:00+00:00Z,2021-12-21T21:00+00:00Z,10YSE-1--------K,MAW,B16,0
2021-12-21T21:00+00:00Z,2021-12-21T22:00+00:00Z,10YSE-1--------K,MAW,B16,0
2021-12-21T22:00+00:00Z,2021-12-21T23:00+00:00Z,10YSE-1--------K,MAW,B16,14
2021-12-21T23:00+00:00Z,2021-12-22T00:00+00:00Z,10YSE-1--------K,MAW,B16,14
2021-12-22T00:00+00:00Z,2021-12-22T01:00+00:00Z,10YSE-1--------K,MAW,B16,15
2021-12-22T01:00+00:00Z,2021-12-22T02:00+00:00Z,10YSE-1--------K,MAW,B16,16
2021-12-22T02:00+00:00Z,2021-12-22T03:00+00:00Z,10YSE-1--------K,MAW,B16,16
2021-12-22T03:00+00:00Z,2021-12-22T04:00+00:00Z,10YSE-1--------K,MAW,B16,16
2021-12-22T04:00+00:00Z,2021-12-22T05:00+00:00Z,10YSE-1--------K,MAW,B16,16
2021-12-22T05:00+00:00Z,2021-12-22T06:00+00:00Z,10YSE-1--------K,MAW,B16,14
2021-12-22T06:00+00:00Z,2021-12-22T07:00+00:00Z,10YSE-1--------K,MAW,B16,14
2021-12-22T07:00+00:00Z,2021-12-22T08:00+00:00Z,10YSE-1--------K,MAW,B16,16
2021-12-22T08:00+00:00Z,2021-12-22T09:00+00:00Z,10YSE-1--------K,MAW,B16,20
2021-12-22T09:00+00:00Z,2021-12-22T10:00+00:00Z,10YSE-1--------K,MAW,B16,23
2021-12-22T10:00+00:00Z,2021-12-22T11:00+00:00Z,10YSE-1--------K,MAW,B16,24
2021-12-22T11:00+00:00Z,2021-12-22T12:00+00:00Z,10YSE-1--------K,MAW,B16,19
2021-12-22T12:00+00:00Z,2021-12-22T13:00+00:00Z,10YSE-1--------K,MAW,B16,13
2021-12-22T13:00+00:00Z,2021-12-22T14:00+00:00Z,10YSE-1--------K,MAW,B16,11
2021-12-22T14:00+00:00Z,2021-12-22T15:00+00:00Z,10YSE-1--------K,MAW,B16,10
2021-12-22T15:00+00:00Z,2021-12-22T16:00+00:00Z,10YSE-1--------K,MAW,B16,10
2021-12-22T16:00+00:00Z,2021-12-22T17:00+00:00Z,10YSE-1--------K,MAW,B16,10
2021-12-22T17:00+00:00Z,2021-12-22T18:00+00:00Z,10YSE-1--------K,MAW,B16,9
2021-12-22T18:00+00:00Z,2021-12-22T19:00+00:00Z,10YSE-1--------K,MAW,B16,8
2021-12-22T19:00+00:00Z,2021-12-22T20:00+00:00Z,10YSE-1--------K,MAW,B16,8
2021-12-22T20:00+00:00Z,2021-12-22T21:00+00:00Z,10YSE-1--------K,MAW,B16,8
2021-12-22T21:00+00:00Z,2021-12-22T22:00+00:00Z,10YSE-1--------K,MAW,B16,8
2021-12-22T22:00+00:00Z,2021-12-22T23:00+00:00Z,10YSE-1--------K,MAW,B16,0
2021-12-22T23:00+00:00Z,2021-12-23T00:00+00:00Z,10YSE-1--------K,MAW,B16,0
2021-12-23T00:00+00:00Z,2021-12-23T01:00+00:00Z,10YSE-1--------K,MAW,B16,0
2021-12-23T01:00+00:00Z,2021-12-23T02:00+00:00Z,10YSE-1--------K,MAW,B16,0
2021-12-23T02:00+00:00Z,2021-12-23T03:00+00:00Z,10YSE-1--------K,MAW,B16,0
2021-12-23T03:00+00:00Z,2021-12-23T04:00+00:00Z,10YSE-1--------K,MAW,B16,0
2021-12-23T04:00+00:00Z,2021-12-23T05:00+00:00Z,10YSE-1--------K,MAW,B16,0
2021-12-23T05:00+00:00Z,2021-12-23T06:00+00:00Z,10YSE-1--------K,MAW,B16,0
2021-12-23T06:00+00:00Z,2021-12-23T07:00+00:00Z,10YSE-1--------K,MAW,B16,0
2021-12-23T07:00+00:00Z,2021-12-23T08:00+00:00Z,10YSE-1--------K,MAW,B16,1
2021-12-23T08:00+00:00Z,2021-12-23T09:00+00:00Z,10YSE-1--------K,MAW,B16,6
2021-12-23T09:00+00:00Z,2021-12-23T10:00+00:00Z,10YSE-1--------K,MAW,B16,10
2021-12-23T10:00+00:00Z,2021-12-23T11:00+00:00Z,10YSE-1--------K,MAW,B16,10
2021-12-23T11:00+00:00Z,2021-12-23T12:00+00:00Z,10YSE-1--------K,MAW,B16,5
2021-12-23T12:00+00:00Z,2021-12-23T13:00+00:00Z,10YSE-1--------K,MAW,B16,1
2021-12-23T13:00+00:00Z,2021-12-23T14:00+00:00Z,10YSE-1--------K,MAW,B16,0
2021-12-23T14:00+00:00Z,2021-12-23T15:00+00:00Z,10YSE-1--------K,MAW,B16,0
2021-12-23T15:00+00:00Z,2021-12-23T16:00+00:00Z,10YSE-1--------K,MAW,B16,0
2021-12-23T16:00+00:00Z,2021-12-23T17:00+00:00Z,10YSE-1--------K,MAW,B16,0
2021-12-23T17:00+00:00Z,2021-12-23T18:00+00:00Z,10YSE-1--------K,MAW,B16,0
2021-12-23T18:00+00:00Z,2021-12-23T19:00+00:00Z,10YSE-1--------K,MAW,B16,0
2021-12-23T19:00+00:00Z,2021-12-23T20:00+00:00Z,10YSE-1--------K,MAW,B16,0
2021-12-23T20:00+00:00Z,2021-12-23T21:00+00:00Z,10YSE-1--------K,MAW,B16,0
2021-12-23T21:00+00:00Z,2021-12-23T22:00+00:00Z,10YSE-1--------K,MAW,B16,0
2021-12-23T22:00+00:00Z,2021-12-23T23:00+00:00Z,10YSE-1--------K,MAW,B16,0
2021-12-23T23:00+00:00Z,2021-12-24T00:00+00:00Z,10YSE-1--------K,MAW,B16,0
2021-12-24T00:00+00:00Z,2021-12-24T01:00+00:00Z,10YSE-1--------K,MAW,B16,0
2021-12-24T01:00+00:00Z,2021-12-24T02:00+00:00Z,10YSE-1--------K,MAW,B16,0
2021-12-24T02:00+00:00Z,2021-12-24T03:00+00:00Z,10YSE-1--------K,MAW,B16,0
2021-12-24T03:00+00:00Z,2021-12-24T04:00+00:00Z,10YSE-1--------K,MAW,B16,0
2021-12-24T04:00+00:00Z,2021-12-24T05:00+00:00Z,10YSE-1--------K,MAW,B16,0
2021-12-24T05:00+00:00Z,2021-12-24T06:00+00:00Z,10YSE-1--------K,MAW,B16,0
2021-12-24T06:00+00:00Z,2021-12-24T07:00+00:00Z,10YSE-1--------K,MAW,B16,0
2021-12-24T07:00+00:00Z,2021-12-24T08:00+00:00Z,10YSE-1--------K,MAW,B16,3
2021-12-24T08:00+00:00Z,2021-12-24T09:00+00:00Z,10YSE-1--------K,MAW,B16,15
2021-12-24T09:00+00:00Z,2021-12-24T10:00+00:00Z,10YSE-1--------K,MAW,B16,28
2021-12-24T10:00+00:00Z,2021-12-24T11:00+00:00Z,10YSE-1--------K,MAW,B16,31
2021-12-24T11:00+00:00Z,2021-12-24T12:00+00:00Z,10YSE-1--------K,MAW,B16,23
2021-12-24T12:00+00:00Z,2021-12-24T13:00+00:00Z,10YSE-1--------K,MAW,B16,8
2021-12-24T13:00+00:00Z,2021-12-24T14:00+00:00Z,10YSE-1--------K,MAW,B16,1
2021-12-24T14:00+00:00Z,2021-12-24T15:00+00:00Z,10YSE-1--------K,MAW,B16,0
2021-12-24T15:00+00:00Z,2021-12-24T16:00+00:00Z,10YSE-1--------K,MAW,B16,0
2021-12-24T16:00+00:00Z,2021-12-24T17:00+00:00Z,10YSE-1--------K,MAW,B16,0
2021-12-24T17:00+00:00Z,2021-12-24T18:00+00:00Z,10YSE-1--------K,MAW,B16,0
2021-12-24T18:00+00:00Z,2021-12-24T19:00+00:00Z,10YSE-1--------K,MAW,B16,0
2021-12-24T19:00+00:00Z,2021-12-24T20:00+00:00Z,10YSE-1--------K,MAW,B16,0
2021-12-24T20:00+00:00Z,2021-12-24T21:00+00:00Z,10YSE-1--------K,MAW,B16,0
2021-12-24T21:00+00:00Z,2021-12-24T22:00+00:00Z,10YSE-1--------K,MAW,B16,0
2021-12-24T22:00+00:00Z,2021-12-24T23:00+00:00Z,10YSE-1--------K,MAW,B16,0
2021-12-24T23:00+00:00Z,2021-12-25T00:00+00:00Z,10YSE-1--------K,MAW,B16,0
2021-12-25T00:00+00:00Z,2021-12-25T01:00+00:00Z,10YSE-1--------K,MAW,B16,0
2021-12-25T01:00+00:00Z,2021-12-25T02:00+00:00Z,10YSE-1--------K,MAW,B16,0
2021-12-25T02:00+00:00Z,2021-12-25T03:00+00:00Z,10YSE-1--------K,MAW,B16,0
2021-12-25T03:00+00:00Z,2021-12-25T04:00+00:00Z,10YSE-1--------K,MAW,B16,0
2021-12-25T04:00+00:00Z,2021-12-25T05:00+00:00Z,10YSE-1--------K,MAW,B16,0
2021-12-25T05:00+00:00Z,2021-12-25T06:00+00:00Z,10YSE-1--------K,MAW,B16,0
2021-12-25T06:00+00:00Z,2021-12-25T07:00+00:00Z,10YSE-1--------K,MAW,B16,0
2021-12-25T07:00+00:00Z,2021-12-25T08:00+00:00Z,10YSE-1--------K,MAW,B16,4
2021-12-25T08:00+00:00Z,2021-12-25T09:00+00:00Z,10YSE-1--------K,MAW,B16,22
2021-12-25T09:00+00:00Z,2021-12-25T10:00+00:00Z,10YSE-1--------K,MAW,B16,38
2021-12-25T10:00+00:00Z,2021-12-25T11:00+00:00Z,10YSE-1--------K,MAW,B16,38
2021-12-25T11:00+00:00Z,2021-12-25T12:00+00:00Z,10YSE-1--------K,MAW,B16,26
2021-12-25T12:00+00:00Z,2021-12-25T13:00+00:00Z,10YSE-1--------K,MAW,B16,8
2021-12-25T13:00+00:00Z,2021-12-25T14:00+00:00Z,10YSE-1--------K,MAW,B16,0
2021-12-25T14:00+00:00Z,2021-12-25T15:00+00:00Z,10YSE-1--------K,MAW,B16,0
2021-12-25T15:00+00:00Z,2021-12-25T16:00+00:00Z,10YSE-1--------K,MAW,B16,0
2021-12-25T16:00+00:00Z,2021-12-25T17:00+00:00Z,10YSE-1--------K,MAW,B16,0
2021-12-25T17:00+00:00Z,2021-12-25T18:00+00:00Z,10YSE-1--------K,MAW,B16,0
2021-12-25T18:00+00:00Z,2021-12-25T19:00+00:00Z,10YSE-1--------K,MAW,B16,0
2021-12-25T19:00+00:00Z,2021-12-25T20:00+00:00Z,10YSE-1--------K,MAW,B16,0
2021-12-25T20:00+00:00Z,2021-12-25T21:00+00:00Z,10YSE-1--------K,MAW,B16,0
2021-12-25T21:00+00:00Z,2021-12-25T22:00+00:00Z,10YSE-1--------K,MAW,B16,0
2021-12-25T22:00+00:00Z,2021-12-25T23:00+00:00Z,10YSE-1--------K,MAW,B16,0
2021-12-25T23:00+00:00Z,2021-12-26T00:00+00:00Z,10YSE-1--------K,MAW,B16,0
2021-12-26T00:00+00:00Z,2021-12-26T01:00+00:00Z,10YSE-1--------K,MAW,B16,0
2021-12-26T01:00+00:00Z,2021-12-26T02:00+00:00Z,10YSE-1--------K,MAW,B16,0
2021-12-26T02:00+00:00Z,2021-12-26T03:00+00:00Z,10YSE-1--------K,MAW,B16,0
2021-12-26T03:00+00:00Z,2021-12-26T04:00+00:00Z,10YSE-1--------K,MAW,B16,0
2021-12-26T04:00+00:00Z,2021-12-26T05:00+00:00Z,10YSE-1--------K,MAW,B16,0
2021-12-26T05:00+00:00Z,2021-12-26T06:00+00:00Z,10YSE-1--------K,MAW,B16,0
2021-12-26T06:00+00:00Z,2021-12-26T07:00+00:00Z,10YSE-1--------K,MAW,B16,0
2021-12-26T07:00+00:00Z,2021-12-26T08:00+00:00Z,10YSE-1--------K,MAW,B16,4
2021-12-26T08:00+00:00Z,2021-12-26T09:00+00:00Z,10YSE-1--------K,MAW,B16,20
2021-12-26T09:00+00:00Z,2021-12-26T10:00+00:00Z,10YSE-1--------K,MAW,B16,33
2021-12-26T10:00+00:00Z,2021-12-26T11:00+00:00Z,10YSE-1--------K,MAW,B16,33
2021-12-26T11:00+00:00Z,2021-12-26T12:00+00:00Z,10YSE-1--------K,MAW,B16,21
2021-12-26T12:00+00:00Z,2021-12-26T13:00+00:00Z,10YSE-1--------K,MAW,B16,6
2021-12-26T13:00+00:00Z,2021-12-26T14:00+00:00Z,10YSE-1--------K,MAW,B16,0
2021-12-26T14:00+00:00Z,2021-12-26T15:00+00:00Z,10YSE-1--------K,MAW,B16,0
2021-12-26T15:00+00:00Z,2021-12-26T16:00+00:00Z,10YSE-1--------K,MAW,B16,0
2021-12-26T16:00+00:00Z,2021-12-26T17:00+00:00Z,10YSE-1--------K,MAW,B16,0
2021-12-26T17:00+00:00Z,2021-12-26T18:00+00:00Z,10YSE-1--------K,MAW,B16,0
2021-12-26T18:00+00:00Z,2021-12-26T19:00+00:00Z,10YSE-1--------K,MAW,B16,0
2021-12-26T19:00+00:00Z,2021-12-26T20:00+00:00Z,10YSE-1--------K,MAW,B16,0
2021-12-26T20:00+00:00Z,2021-12-26T21:00+00:00Z,10YSE-1--------K,MAW,B16,0
2021-12-26T21:00+00:00Z,2021-12-26T22:00+00:00Z,10YSE-1--------K,MAW,B16,0
2021-12-26T22:00+00:00Z,2021-12-26T23:00+00:00Z,10YSE-1--------K,MAW,B16,0
2021-12-26T23:00+00:00Z,2021-12-27T00:00+00:00Z,10YSE-1--------K,MAW,B16,0
2021-12-27T00:00+00:00Z,2021-12-27T01:00+00:00Z,10YSE-1--------K,MAW,B16,0
2021-12-27T01:00+00:00Z,2021-12-27T02:00+00:00Z,10YSE-1--------K,MAW,B16,0
2021-12-27T02:00+00:00Z,2021-12-27T03:00+00:00Z,10YSE-1--------K,MAW,B16,0
2021-12-27T03:00+00:00Z,2021-12-27T04:00+00:00Z,10YSE-1--------K,MAW,B16,0
2021-12-27T04:00+00:00Z,2021-12-27T05:00+00:00Z,10YSE-1--------K,MAW,B16,0
2021-12-27T05:00+00:00Z,2021-12-27T06:00+00:00Z,10YSE-1--------K,MAW,B16,0
2021-12-27T06:00+00:00Z,2021-12-27T07:00+00:00Z,10YSE-1--------K,MAW,B16,0
2021-12-27T07:00+00:00Z,2021-12-27T08:00+00:00Z,10YSE-1--------K,MAW,B16,4
2021-12-27T08:00+00:00Z,2021-12-27T09:00+00:00Z,10YSE-1--------K,MAW,B16,17
2021-12-27T09:00+00:00Z,2021-12-27T10:00+00:00Z,10YSE-1--------K,MAW,B16,27
2021-12-27T10:00+00:00Z,2021-12-27T11:00+00:00Z,10YSE-1--------K,MAW,B16,26
2021-12-27T11:00+00:00Z,2021-12-27T12:00+00:00Z,10YSE-1--------K,MAW,B16,17
2021-12-27T12:00+00:00Z,2021-12-27T13:00+00:00Z,10YSE-1--------K,MAW,B16,5
2021-12-27T13:00+00:00Z,2021-12-27T14:00+00:00Z,10YSE-1--------K,MAW,B16,0
2021-12-27T14:00+00:00Z,2021-12-27T15:00+00:00Z,10YSE-1--------K,MAW,B16,0
2021-12-27T15:00+00:00Z,2021-12-27T16:00+00:00Z,10YSE-1--------K,MAW,B16,0
2021-12-27T16:00+00:00Z,2021-12-27T17:00+00:00Z,10YSE-1--------K,MAW,B16,0
2021-12-27T17:00+00:00Z,2021-12-27T18:00+00:00Z,10YSE-1--------K,MAW,B16,0
2021-12-27T18:00+00:00Z,2021-12-27T19:00+00:00Z,10YSE-1--------K,MAW,B16,0
2021-12-27T19:00+00:00Z,2021-12-27T20:00+00:00Z,10YSE-1--------K,MAW,B16,0
2021-12-27T20:00+00:00Z,2021-12-27T21:00+00:00Z,10YSE-1--------K,MAW,B16,0
2021-12-27T21:00+00:00Z,2021-12-27T22:00+00:00Z,10YSE-1--------K,MAW,B16,0
2021-12-27T22:00+00:00Z,2021-12-27T23:00+00:00Z,10YSE-1--------K,MAW,B16,0
2021-12-27T23:00+00:00Z,2021-12-28T00:00+00:00Z,10YSE-1--------K,MAW,B16,0
2021-12-28T00:00+00:00Z,2021-12-28T01:00+00:00Z,10YSE-1--------K,MAW,B16,0
2021-12-28T01:00+00:00Z,2021-12-28T02:00+00:00Z,10YSE-1--------K,MAW,B16,0
2021-12-28T02:00+00:00Z,2021-12-28T03:00+00:00Z,10YSE-1--------K,MAW,B16,0
2021-12-28T03:00+00:00Z,2021-12-28T04:00+00:00Z,10YSE-1--------K,MAW,B16,0
2021-12-28T04:00+00:00Z,2021-12-28T05:00+00:00Z,10YSE-1--------K,MAW,B16,0
2021-12-28T05:00+00:00Z,2021-12-28T06:00+00:00Z,10YSE-1--------K,MAW,B16,0
2021-12-28T06:00+00:00Z,2021-12-28T07:00+00:00Z,10YSE-1--------K,MAW,B16,0
2021-12-28T07:00+00:00Z,2021-12-28T08:00+00:00Z,10YSE-1--------K,MAW,B16,2
2021-12-28T08:00+00:00Z,2021-12-28T09:00+00:00Z,10YSE-1--------K,MAW,B16,6
2021-12-28T09:00+00:00Z,2021-12-28T10:00+00:00Z,10YSE-1--------K,MAW,B16,9
2021-12-28T10:00+00:00Z,2021-12-28T11:00+00:00Z,10YSE-1--------K,MAW,B16,8
2021-12-28T11:00+00:00Z,2021-12-28T12:00+00:00Z,10YSE-1--------K,MAW,B16,4
2021-12-28T12:00+00:00Z,2021-12-28T13:00+00:00Z,10YSE-1--------K,MAW,B16,1
2021-12-28T13:00+00:00Z,2021-12-28T14:00+00:00Z,10YSE-1--------K,MAW,B16,0
2021-12-28T14:00+00:00Z,2021-12-28T15:00+00:00Z,10YSE-1--------K,MAW,B16,0
2021-12-28T15:00+00:00Z,2021-12-28T16:00+00:00Z,10YSE-1--------K,MAW,B16,0
2021-12-28T16:00+00:00Z,2021-12-28T17:00+00:00Z,10YSE-1--------K,MAW,B16,0
2021-12-28T17:00+00:00Z,2021-12-28T18:00+00:00Z,10YSE-1--------K,MAW,B16,0
2021-12-28T18:00+00:00Z,2021-12-28T19:00+00:00Z,10YSE-1--------K,MAW,B16,0
2021-12-28T19:00+00:00Z,2021-12-28T20:00+00:00Z,10YSE-1--------K,MAW,B16,0
2021-12-28T20:00+00:00Z,2021-12-28T21:00+00:00Z,10YSE-1--------K,MAW,B16,0
2021-12-28T21:00+00:00Z,2021-12-28T22:00+00:00Z,10YSE-1--------K,MAW,B16,0
2021-12-28T22:00+00:00Z,2021-12-28T23:00+00:00Z,10YSE-1--------K,MAW,B16,0
2021-12-28T23:00+00:00Z,2021-12-29T00:00+00:00Z,10YSE-1--------K,MAW,B16,0
2021-12-29T00:00+00:00Z,2021-12-29T01:00+00:00Z,10YSE-1--------K,MAW,B16,0
2021-12-29T01:00+00:00Z,2021-12-29T02:00+00:00Z,10YSE-1--------K,MAW,B16,0
2021-12-29T02:00+00:00Z,2021-12-29T03:00+00:00Z,10YSE-1--------K,MAW,B16,0
2021-12-29T03:00+00:00Z,2021-12-29T04:00+00:00Z,10YSE-1--------K,MAW,B16,0
2021-12-29T04:00+00:00Z,2021-12-29T05:00+00:00Z,10YSE-1--------K,MAW,B16,0
2021-12-29T05:00+00:00Z,2021-12-29T06:00+00:00Z,10YSE-1--------K,MAW,B16,0
2021-12-29T06:00+00:00Z,2021-12-29T07:00+00:00Z,10YSE-1--------K,MAW,B16,0
2021-12-29T07:00+00:00Z,2021-12-29T08:00+00:00Z,10YSE-1--------K,MAW,B16,0
2021-12-29T08:00+00:00Z,2021-12-29T09:00+00:00Z,10YSE-1--------K,MAW,B16,3
2021-12-29T09:00+00:00Z,2021-12-29T10:00+00:00Z,10YSE-1--------K,MAW,B16,6
2021-12-29T10:00+00:00Z,2021-12-29T11:00+00:00Z,10YSE-1--------K,MAW,B16,6
2021-12-29T11:00+00:00Z,2021-12-29T12:00+00:00Z,10YSE-1--------K,MAW,B16,4
2021-12-29T12:00+00:00Z,2021-12-29T13:00+00:00Z,10YSE-1--------K,MAW,B16,1
2021-12-29T13:00+00:00Z,2021-12-29T14:00+00:00Z,10YSE-1--------K,MAW,B16,0
2021-12-29T14:00+00:00Z,2021-12-29T15:00+00:00Z,10YSE-1--------K,MAW,B16,0
2021-12-29T15:00+00:00Z,2021-12-29T16:00+00:00Z,10YSE-1--------K,MAW,B16,0
2021-12-29T16:00+00:00Z,2021-12-29T17:00+00:00Z,10YSE-1--------K,MAW,B16,0
2021-12-29T17:00+00:00Z,2021-12-29T18:00+00:00Z,10YSE-1--------K,MAW,B16,0
2021-12-29T18:00+00:00Z,2021-12-29T19:00+00:00Z,10YSE-1--------K,MAW,B16,0
2021-12-29T19:00+00:00Z,2021-12-29T20:00+00:00Z,10YSE-1--------K,MAW,B16,0
2021-12-29T20:00+00:00Z,2021-12-29T21:00+00:00Z,10YSE-1--------K,MAW,B16,0
2021-12-29T21:00+00:00Z,2021-12-29T22:00+00:00Z,10YSE-1--------K,MAW,B16,0
2021-12-29T22:00+00:00Z,2021-12-29T23:00+00:00Z,10YSE-1--------K,MAW,B16,0
2021-12-29T23:00+00:00Z,2021-12-30T00:00+00:00Z,10YSE-1--------K,MAW,B16,0
2021-12-30T00:00+00:00Z,2021-12-30T01:00+00:00Z,10YSE-1--------K,MAW,B16,0
2021-12-30T01:00+00:00Z,2021-12-30T02:00+00:00Z,10YSE-1--------K,MAW,B16,0
2021-12-30T02:00+00:00Z,2021-12-30T03:00+00:00Z,10YSE-1--------K,MAW,B16,0
2021-12-30T03:00+00:00Z,2021-12-30T04:00+00:00Z,10YSE-1--------K,MAW,B16,0
2021-12-30T04:00+00:00Z,2021-12-30T05:00+00:00Z,10YSE-1--------K,MAW,B16,0
2021-12-30T05:00+00:00Z,2021-12-30T06:00+00:00Z,10YSE-1--------K,MAW,B16,0
2021-12-30T06:00+00:00Z,2021-12-30T07:00+00:00Z,10YSE-1--------K,MAW,B16,0
2021-12-30T07:00+00:00Z,2021-12-30T08:00+00:00Z,10YSE-1--------K,MAW,B16,1
2021-12-30T08:00+00:00Z,2021-12-30T09:00+00:00Z,10YSE-1--------K,MAW,B16,5
2021-12-30T09:00+00:00Z,2021-12-30T10:00+00:00Z,10YSE-1--------K,MAW,B16,8
2021-12-30T10:00+00:00Z,2021-12-30T11:00+00:00Z,10YSE-1--------K,MAW,B16,8
2021-12-30T11:00+00:00Z,2021-12-30T12:00+00:00Z,10YSE-1--------K,MAW,B16,5
2021-12-30T12:00+00:00Z,2021-12-30T13:00+00:00Z,10YSE-1--------K,MAW,B16,2
2021-12-30T13:00+00:00Z,2021-12-30T14:00+00:00Z,10YSE-1--------K,MAW,B16,0
2021-12-30T14:00+00:00Z,2021-12-30T15:00+00:00Z,10YSE-1--------K,MAW,B16,0
2021-12-30T15:00+00:00Z,2021-12-30T16:00+00:00Z,10YSE-1--------K,MAW,B16,0
2021-12-30T16:00+00:00Z,2021-12-30T17:00+00:00Z,10YSE-1--------K,MAW,B16,0
2021-12-30T17:00+00:00Z,2021-12-30T18:00+00:00Z,10YSE-1--------K,MAW,B16,0
2021-12-30T18:00+00:00Z,2021-12-30T19:00+00:00Z,10YSE-1--------K,MAW,B16,0
2021-12-30T19:00+00:00Z,2021-12-30T20:00+00:00Z,10YSE-1--------K,MAW,B16,0
2021-12-30T20:00+00:00Z,2021-12-30T21:00+00:00Z,10YSE-1--------K,MAW,B16,0
2021-12-30T21:00+00:00Z,2021-12-30T22:00+00:00Z,10YSE-1--------K,MAW,B16,0
2021-12-30T22:00+00:00Z,2021-12-30T23:00+00:00Z,10YSE-1--------K,MAW,B16,0
2021-12-30T23:00+00:00Z,2021-12-31T00:00+00:00Z,10YSE-1--------K,MAW,B16,0
2021-12-31T00:00+00:00Z,2021-12-31T01:00+00:00Z,10YSE-1--------K,MAW,B16,0
2021-12-31T01:00+00:00Z,2021-12-31T02:00+00:00Z,10YSE-1--------K,MAW,B16,0
2021-12-31T02:00+00:00Z,2021-12-31T03:00+00:00Z,10YSE-1--------K,MAW,B16,0
2021-12-31T03:00+00:00Z,2021-12-31T04:00+00:00Z,10YSE-1--------K,MAW,B16,0
2021-12-31T04:00+00:00Z,2021-12-31T05:00+00:00Z,10YSE-1--------K,MAW,B16,0
2021-12-31T05:00+00:00Z,2021-12-31T06:00+00:00Z,10YSE-1--------K,MAW,B16,0
2021-12-31T06:00+00:00Z,2021-12-31T07:00+00:00Z,10YSE-1--------K,MAW,B16,0
2021-12-31T07:00+00:00Z,2021-12-31T08:00+00:00Z,10YSE-1--------K,MAW,B16,1
2021-12-31T08:00+00:00Z,2021-12-31T09:00+00:00Z,10YSE-1--------K,MAW,B16,4
2021-12-31T09:00+00:00Z,2021-12-31T10:00+00:00Z,10YSE-1--------K,MAW,B16,7
2021-12-31T10:00+00:00Z,2021-12-31T11:00+00:00Z,10YSE-1--------K,MAW,B16,6
2021-12-31T11:00+00:00Z,2021-12-31T12:00+00:00Z,10YSE-1--------K,MAW,B16,4
2021-12-31T12:00+00:00Z,2021-12-31T13:00+00:00Z,10YSE-1--------K,MAW,B16,1
2021-12-31T13:00+00:00Z,2021-12-31T14:00+00:00Z,10YSE-1--------K,MAW,B16,0
2021-12-31T14:00+00:00Z,2021-12-31T15:00+00:00Z,10YSE-1--------K,MAW,B16,0
2021-12-31T15:00+00:00Z,2021-12-31T16:00+00:00Z,10YSE-1--------K,MAW,B16,0
2021-12-31T16:00+00:00Z,2021-12-31T17:00+00:00Z,10YSE-1--------K,MAW,B16,0
2021-12-31T17:00+00:00Z,2021-12-31T18:00+00:00Z,10YSE-1--------K,MAW,B16,0
2021-12-31T18:00+00:00Z,2021-12-31T19:00+00:00Z,10YSE-1--------K,MAW,B16,0
2021-12-31T19:00+00:00Z,2021-12-31T20:00+00:00Z,10YSE-1--------K,MAW,B16,0
2021-12-31T20:00+00:00Z,2021-12-31T21:00+00:00Z,10YSE-1--------K,MAW,B16,0
2021-12-31T21:00+00:00Z,2021-12-31T22:00+00:00Z,10YSE-1--------K,MAW,B16,0
2021-12-31T22:00+00:00Z,2021-12-31T23:00+00:00Z,10YSE-1--------K,MAW,B16,0
